<?xml version="1.0" encoding="UTF-8"?>
<metadata xml:lang="en"><Esri><CreaDate>20200513</CreaDate><CreaTime>17145900</CreaTime><ArcGISFormat>1.0</ArcGISFormat><SyncOnce>TRUE</SyncOnce><DataProperties><lineage><Process ToolSource="c:\program files (x86)\arcgis\desktop10.5\ArcToolbox\Toolboxes\Data Management Tools.tbx\CalculateField" Date="20200106" Time="111841">CalculateField potential_dam_location Private Y VB #</Process><Process ToolSource="c:\program files (x86)\arcgis\desktop10.5\ArcToolbox\Toolboxes\Data Management Tools.tbx\CalculateField" Date="20200106" Time="111953">CalculateField potential_dam_location Private "Y" VB #</Process><Process ToolSource="c:\program files (x86)\arcgis\desktop10.5\ArcToolbox\Toolboxes\Data Management Tools.tbx\CalculateField" Date="20200106" Time="112026">CalculateField potential_dam_location Nigel_dams "N" VB #</Process></lineage><itemProps><itemLocation><linkage Sync="TRUE">file://\\WLCR00BG2\C$\Data\Aircraft yarra catchment\R_code\data\potential_dam_locations_new_dams_nigel2_23032020Copy</linkage><protocol Sync="TRUE">Local Area Network</protocol></itemLocation></itemProps><copyHistory><copy source="C:\Data\Aircraft yarra catchment\R_code\data\potential_dam_locations_new_dams_nigel2_23032020" dest="\\WLCR00BG2\C$\Data\Aircraft yarra catchment\R_code\data\potential_dam_locations_new_dams_nigel2_23032020Copy" date="20200513" time="17145900"></copy></copyHistory></DataProperties></Esri></metadata>
