<?xml version="1.0" encoding="UTF-8"?>
<metadata xml:lang="en"><Esri><CreaDate>20230901</CreaDate><CreaTime>14191800</CreaTime><ArcGISFormat>1.0</ArcGISFormat><ArcGISstyle>North American Profile of ISO19115 2003</ArcGISstyle><SyncOnce>FALSE</SyncOnce><DataProperties><itemProps><itemName Sync="TRUE">Helidams_Water100_Working</itemName><imsContentType Sync="TRUE">002</imsContentType><itemLocation><linkage Sync="TRUE">file://\\WLFVHVBK3\C$\Data\1. TAMBO\Tambo\Turnaround times\Turnaround.gdb</linkage><protocol Sync="TRUE">Local Area Network</protocol></itemLocation><nativeExtBox><westBL Sync="TRUE">2794970.765000</westBL><eastBL Sync="TRUE">2795507.507200</eastBL><southBL Sync="TRUE">2434538.109000</southBL><northBL Sync="TRUE">2435139.054300</northBL><exTypeCode Sync="TRUE">1</exTypeCode></nativeExtBox><itemSize Sync="TRUE">0.000</itemSize></itemProps><coordRef><type Sync="TRUE">Projected</type><geogcsn Sync="TRUE">GCS_GDA_1994</geogcsn><csUnits Sync="TRUE">Linear Unit: Meter (1.000000)</csUnits><projcsn Sync="TRUE">GDA_1994_VICGRID94</projcsn><peXml Sync="TRUE">&lt;ProjectedCoordinateSystem xsi:type='typens:ProjectedCoordinateSystem' xmlns:xsi='http://www.w3.org/2001/XMLSchema-instance' xmlns:xs='http://www.w3.org/2001/XMLSchema' xmlns:typens='http://www.esri.com/schemas/ArcGIS/10.8'&gt;&lt;WKT&gt;PROJCS[&amp;quot;GDA_1994_VICGRID94&amp;quot;,GEOGCS[&amp;quot;GCS_GDA_1994&amp;quot;,DATUM[&amp;quot;D_GDA_1994&amp;quot;,SPHEROID[&amp;quot;GRS_1980&amp;quot;,6378137.0,298.257222101]],PRIMEM[&amp;quot;Greenwich&amp;quot;,0.0],UNIT[&amp;quot;Degree&amp;quot;,0.0174532925199433]],PROJECTION[&amp;quot;Lambert_Conformal_Conic&amp;quot;],PARAMETER[&amp;quot;False_Easting&amp;quot;,2500000.0],PARAMETER[&amp;quot;False_Northing&amp;quot;,2500000.0],PARAMETER[&amp;quot;Central_Meridian&amp;quot;,145.0],PARAMETER[&amp;quot;Standard_Parallel_1&amp;quot;,-36.0],PARAMETER[&amp;quot;Standard_Parallel_2&amp;quot;,-38.0],PARAMETER[&amp;quot;Latitude_Of_Origin&amp;quot;,-37.0],UNIT[&amp;quot;Meter&amp;quot;,1.0],AUTHORITY[&amp;quot;EPSG&amp;quot;,3111]]&lt;/WKT&gt;&lt;XOrigin&gt;-34932800&lt;/XOrigin&gt;&lt;YOrigin&gt;-17746400&lt;/YOrigin&gt;&lt;XYScale&gt;10000&lt;/XYScale&gt;&lt;ZOrigin&gt;-100000&lt;/ZOrigin&gt;&lt;ZScale&gt;10000&lt;/ZScale&gt;&lt;MOrigin&gt;-100000&lt;/MOrigin&gt;&lt;MScale&gt;10000&lt;/MScale&gt;&lt;XYTolerance&gt;0.001&lt;/XYTolerance&gt;&lt;ZTolerance&gt;0.001&lt;/ZTolerance&gt;&lt;MTolerance&gt;0.001&lt;/MTolerance&gt;&lt;HighPrecision&gt;true&lt;/HighPrecision&gt;&lt;WKID&gt;102171&lt;/WKID&gt;&lt;LatestWKID&gt;3111&lt;/LatestWKID&gt;&lt;/ProjectedCoordinateSystem&gt;</peXml></coordRef><lineage><Process ToolSource="c:\program files (x86)\arcgis\desktop10.3\ArcToolbox\Toolboxes\Data Management Tools.tbx\CalculateField" Date="20170524" Time="155136">CalculateField FOP1718_NBFT_Tambo BROAD_WORK_DESCRIPTION "Fire Prevention - Water Point Maintenance"
 VB #</Process><Process ToolSource="c:\program files (x86)\arcgis\desktop10.3\ArcToolbox\Toolboxes\Data Management Tools.tbx\CalculateField" Date="20170524" Time="160631">CalculateField FOP1718_NBFT_Tambo BROAD_WORK_DESCRIPTION "Fire Prevention - Fuel Break Maintenance"
 VB #</Process><Process ToolSource="c:\program files (x86)\arcgis\desktop10.3\ArcToolbox\Toolboxes\Data Management Tools.tbx\CalculateField" Date="20170524" Time="160738">CalculateField FOP1718_NBFT_Tambo BROAD_WORK_DESCRIPTION "Fire Prevention - Water Point Maintenance"
 VB #</Process><Process ToolSource="c:\program files (x86)\arcgis\desktop10.3\ArcToolbox\Toolboxes\Data Management Tools.tbx\CalculateField" Date="20170524" Time="161840">CalculateField FOP1718_NBFT_Tambo STANDARD_WORKS_TYPE "Slashing/Mowing" VB #</Process><Process ToolSource="c:\program files (x86)\arcgis\desktop10.3\ArcToolbox\Toolboxes\Data Management Tools.tbx\CalculateField" Date="20170524" Time="161904">CalculateField FOP1718_NBFT_Tambo FOOTPRINT "within footprint" VB #</Process><Process ToolSource="c:\program files (x86)\arcgis\desktop10.3\ArcToolbox\Toolboxes\Data Management Tools.tbx\CalculateField" Date="20170524" Time="161938">CalculateField FOP1718_NBFT_Tambo NEW_WORKS "NO-already in database" VB #</Process><Process ToolSource="c:\program files (x86)\arcgis\desktop10.3\ArcToolbox\Toolboxes\Data Management Tools.tbx\CalculateField" Date="20170524" Time="163320">CalculateField FOP1718_NBFT_Tambo STANDARD_WORKS_TYPE "Veg removal-soil disturbance" VB #</Process><Process ToolSource="c:\program files (x86)\arcgis\desktop10.3\ArcToolbox\Toolboxes\Data Management Tools.tbx\CalculateField" Date="20170524" Time="163342">CalculateField FOP1718_NBFT_Tambo FOOTPRINT "within footprint" VB #</Process><Process ToolSource="c:\program files (x86)\arcgis\desktop10.3\ArcToolbox\Toolboxes\Data Management Tools.tbx\CalculateField" Date="20170524" Time="163412">CalculateField FOP1718_NBFT_Tambo NEW_WORKS "NO-already in database" VB #</Process><Process ToolSource="c:\program files (x86)\arcgis\desktop10.3\ArcToolbox\Toolboxes\Data Management Tools.tbx\CalculateField" Date="20170524" Time="163739">CalculateField FOP1718_NBFT_Tambo STANDARD_WORKS_TYPE "Veg removal-soil disturbance" VB #</Process><Process ToolSource="c:\program files (x86)\arcgis\desktop10.3\ArcToolbox\Toolboxes\Data Management Tools.tbx\CalculateField" Date="20170524" Time="163800">CalculateField FOP1718_NBFT_Tambo FOOTPRINT "within footprint" VB #</Process><Process ToolSource="c:\program files (x86)\arcgis\desktop10.3\ArcToolbox\Toolboxes\Data Management Tools.tbx\CalculateField" Date="20170524" Time="163824">CalculateField FOP1718_NBFT_Tambo NEW_WORKS "NO-already in database" VB #</Process><Process ToolSource="c:\program files (x86)\arcgis\desktop10.3\ArcToolbox\Toolboxes\Data Management Tools.tbx\CalculateField" Date="20170524" Time="163945">CalculateField FOP1718_NBFT_Tambo NAME "WKS - Bairnsdale 2017/18" VB #</Process><Process ToolSource="c:\program files (x86)\arcgis\desktop10.3\ArcToolbox\Toolboxes\Data Management Tools.tbx\CalculateField" Date="20170524" Time="164025">CalculateField FOP1718_NBFT_Tambo NAME "WKS - Nowa Nowa 2017/18" VB #</Process><Process ToolSource="c:\program files (x86)\arcgis\desktop10.3\ArcToolbox\Toolboxes\Data Management Tools.tbx\CalculateField" Date="20170524" Time="164059">CalculateField FOP1718_NBFT_Tambo NAME "WKS - Swifts Creek 2017/18" VB #</Process><Process ToolSource="c:\program files (x86)\arcgis\desktop10.3\ArcToolbox\Toolboxes\Data Management Tools.tbx\CalculateField" Date="20170525" Time="131538">CalculateField FOP1718_NBFT_Tambo LABEL "Helipad - MAINTENANCE" VB #</Process><Process ToolSource="c:\program files (x86)\arcgis\desktop10.3\ArcToolbox\Toolboxes\Data Management Tools.tbx\CalculateField" Date="20180606" Time="092823">CalculateField FOP1819_NBFT_TamboDraft NEW_WORKS "No" VB #</Process><Process ToolSource="c:\program files (x86)\arcgis\desktop10.3\ArcToolbox\Toolboxes\Data Management Tools.tbx\CalculateField" Date="20180606" Time="093629">CalculateField FOP1819_NBFT_TamboDraft NAME "WKS TAMBO 2018-19" VB #</Process><Process ToolSource="c:\program files\arcgis\desktop10.1\ArcToolbox\Toolboxes\Data Management Tools.tbx\Merge" Date="20180614" Time="131039">Merge FOP1819_NBFT_TamboDraft;NBFT_201819 E:\ArcGIS\TamboFMData.gdb\FOP1819_NBFT_TamboDraft_Merg "NAME "NAME" true true false 255 Text 0 0 ,First,#,FOP1819_NBFT_TamboDraft,NAME,-1,-1,NBFT_201819,NAME,-1,-1;EVENTID "EVENTID" true true false 4 Long 0 0 ,First,#,FOP1819_NBFT_TamboDraft,EVENTID,-1,-1,NBFT_201819,EVENTID,-1,-1;CATEGORY "CATEGORY" true true false 50 Text 0 0 ,First,#,FOP1819_NBFT_TamboDraft,CATEGORY,-1,-1,NBFT_201819,CATEGORY,-1,-1;COMMENTS "COMMENTS" true true false 255 Text 0 0 ,First,#,FOP1819_NBFT_TamboDraft,COMMENTS,-1,-1,NBFT_201819,COMMENTS,-1,-1;LABEL "LABEL" true true false 100 Text 0 0 ,First,#,FOP1819_NBFT_TamboDraft,LABEL,-1,-1,NBFT_201819,LABEL,-1,-1;SOURCE "SOURCE" true true false 50 Text 0 0 ,First,#,FOP1819_NBFT_TamboDraft,SOURCE,-1,-1,NBFT_201819,SOURCE,-1,-1;TREATMENT_NO "TREATMENT_NO" true true false 20 Text 0 0 ,First,#,FOP1819_NBFT_TamboDraft,TREATMENT_NO,-1,-1,NBFT_201819,TREATMENT_NO,-1,-1;FOOTPRINT "FOOTPRINT" true true false 50 Text 0 0 ,First,#,FOP1819_NBFT_TamboDraft,FOOTPRINT,-1,-1,NBFT_201819,FOOTPRINT,-1,-1;WORKS_DESCRIPTION "WORKS_DESCRIPTION" true true false 200 Text 0 0 ,First,#,FOP1819_NBFT_TamboDraft,WORKS_DESCRIPTION,-1,-1,NBFT_201819,WORKS_DESCRIPTION,-1,-1;NEW_WORKS "NEW_WORKS" true true false 50 Text 0 0 ,First,#,FOP1819_NBFT_TamboDraft,NEW_WORKS,-1,-1,NBFT_201819,NEW_WORKS,-1,-1;Shape_Length "Shape_Length" false true true 8 Double 0 0 ,First,#,FOP1819_NBFT_TamboDraft,Shape_Length,-1,-1,NBFT_201819,Shape_Length,-1,-1;Shape_Area "Shape_Area" false true true 8 Double 0 0 ,First,#,FOP1819_NBFT_TamboDraft,Shape_Area,-1,-1,NBFT_201819,Shape_Area,-1,-1;AGENCY "AGENCY" true true false 50 Text 0 0 ,First,#,FOP1819_NBFT_TamboDraft,AGENCY,-1,-1;METHOD "METHOD" true true false 50 Text 0 0 ,First,#,FOP1819_NBFT_TamboDraft,METHOD,-1,-1;BROAD_WORK_DESCRIPTION "BROAD_WORK_DESCRIPTION" true true false 50 Text 0 0 ,First,#,NBFT_201819,BROAD_WORK_DESCRIPTION,-1,-1;STANDARD_WORKS_TYPE "STANDARD_WORKS_TYPE" true true false 150 Text 0 0 ,First,#,NBFT_201819,STANDARD_WORKS_TYPE,-1,-1"</Process><Process ToolSource="c:\program files\arcgis\desktop10.1\ArcToolbox\Toolboxes\Data Management Tools.tbx\CalculateField" Date="20180614" Time="155611">CalculateField FOP1819_NBFT_TamboDraft_Merg CATEGORY " "Works - Vegetation Modification"" VB #</Process><Process ToolSource="c:\program files\arcgis\desktop10.1\ArcToolbox\Toolboxes\Data Management Tools.tbx\CalculateField" Date="20180614" Time="155641">CalculateField FOP1819_NBFT_TamboDraft_Merg CATEGORY " "Works - Vegetation Modification"" VB #</Process><Process ToolSource="c:\program files\arcgis\desktop10.1\ArcToolbox\Toolboxes\Data Management Tools.tbx\CalculateField" Date="20180614" Time="155722">CalculateField FOP1819_NBFT_TamboDraft_Merg EVENTID " "0"" VB #</Process><Process ToolSource="c:\program files\arcgis\desktop10.1\ArcToolbox\Toolboxes\Data Management Tools.tbx\CalculateField" Date="20180614" Time="155811">CalculateField FOP1819_NBFT_TamboDraft_Merg LABEL " "Slashing - MAINTENANCE"" VB #</Process><Process ToolSource="c:\program files\arcgis\desktop10.1\ArcToolbox\Toolboxes\Data Management Tools.tbx\CalculateField" Date="20180614" Time="155831">CalculateField FOP1819_NBFT_TamboDraft_Merg SOURCE " "On Screen"" VB #</Process><Process ToolSource="c:\program files\arcgis\desktop10.1\ArcToolbox\Toolboxes\Data Management Tools.tbx\CalculateField" Date="20180614" Time="155844">CalculateField FOP1819_NBFT_TamboDraft_Merg FOOTPRINT " "within footprint"" VB #</Process><Process ToolSource="c:\program files\arcgis\desktop10.1\ArcToolbox\Toolboxes\Data Management Tools.tbx\CalculateField" Date="20180614" Time="155903">CalculateField FOP1819_NBFT_TamboDraft_Merg WORKS_DESCRIPTION " "Vegetation works (without tree removal and soil disturbance)(incl mulching, slashing, flail mowing)"" VB #</Process><Process ToolSource="c:\program files\arcgis\desktop10.1\ArcToolbox\Toolboxes\Data Management Tools.tbx\CalculateField" Date="20180614" Time="155923">CalculateField FOP1819_NBFT_TamboDraft_Merg NEW_WORKS " "YES-added to database"" VB #</Process><Process ToolSource="c:\program files\arcgis\desktop10.1\ArcToolbox\Toolboxes\Data Management Tools.tbx\CalculateField" Date="20180614" Time="155943">CalculateField FOP1819_NBFT_TamboDraft_Merg AGENCY " "DELWP"" VB #</Process><Process ToolSource="c:\program files\arcgis\desktop10.1\ArcToolbox\Toolboxes\Data Management Tools.tbx\CalculateField" Date="20180614" Time="155958">CalculateField FOP1819_NBFT_TamboDraft_Merg METHOD " "Internal"" VB #</Process><Process ToolSource="c:\program files\arcgis\desktop10.1\ArcToolbox\Toolboxes\Data Management Tools.tbx\CalculateField" Date="20180614" Time="160020">CalculateField FOP1819_NBFT_TamboDraft_Merg BROAD_WORK_DESCRIPTION " "Fire Prevention - Fire Break Maintenancel"" VB #</Process><Process ToolSource="c:\program files\arcgis\desktop10.1\ArcToolbox\Toolboxes\Data Management Tools.tbx\CalculateField" Date="20180614" Time="160040">CalculateField FOP1819_NBFT_TamboDraft_Merg STANDARD_WORKS_TYPE " "Slashing/Mowing"" VB #</Process><Process ToolSource="c:\program files\arcgis\desktop10.1\ArcToolbox\Toolboxes\Data Management Tools.tbx\CalculateField" Date="20180614" Time="160054">CalculateField FOP1819_NBFT_TamboDraft_Merg BROAD_WORK_DESCRIPTION " "Fire Prevention - Fire Break Maintenance"" VB #</Process><Process ToolSource="c:\program files\arcgis\desktop10.1\ArcToolbox\Toolboxes\Data Management Tools.tbx\CalculateField" Date="20180614" Time="165158">CalculateField FOP1819_NBFT_TamboDraft_Merg NEW_WORKS " "NO-already in database"" VB #</Process><Process ToolSource="c:\program files\arcgis\desktop10.1\ArcToolbox\Toolboxes\Data Management Tools.tbx\CalculateField" Date="20180614" Time="165210">CalculateField FOP1819_NBFT_TamboDraft_Merg AGENCY " "DELWP"" VB #</Process><Process ToolSource="c:\program files\arcgis\desktop10.1\ArcToolbox\Toolboxes\Data Management Tools.tbx\CalculateField" Date="20180614" Time="165232">CalculateField FOP1819_NBFT_TamboDraft_Merg METHOD " "Internal"" VB #</Process><Process ToolSource="c:\program files\arcgis\desktop10.1\ArcToolbox\Toolboxes\Data Management Tools.tbx\CalculateField" Date="20180614" Time="165436">CalculateField FOP1819_NBFT_TamboDraft_Merg NAME " "WKS-TAM-201718-NOW"" VB #</Process><Process ToolSource="c:\program files\arcgis\desktop10.1\ArcToolbox\Toolboxes\Data Management Tools.tbx\CalculateField" Date="20180615" Time="141135">CalculateField "Base Layers\FOP1819_NBFT_TamboDraft_Merg" CATEGORY "Works - Vegetation Modification" VB #</Process><Process ToolSource="c:\program files\arcgis\desktop10.1\ArcToolbox\Toolboxes\Data Management Tools.tbx\CalculateField" Date="20180615" Time="141156">CalculateField "Base Layers\FOP1819_NBFT_TamboDraft_Merg" LABEL "Slashing - MAINTENANCE" VB #</Process><Process ToolSource="c:\program files\arcgis\desktop10.1\ArcToolbox\Toolboxes\Data Management Tools.tbx\CalculateField" Date="20180615" Time="141208">CalculateField "Base Layers\FOP1819_NBFT_TamboDraft_Merg" SOURCE "On Screen" VB #</Process><Process ToolSource="c:\program files\arcgis\desktop10.1\ArcToolbox\Toolboxes\Data Management Tools.tbx\CalculateField" Date="20180615" Time="141218">CalculateField "Base Layers\FOP1819_NBFT_TamboDraft_Merg" FOOTPRINT "within footprint" VB #</Process><Process ToolSource="c:\program files\arcgis\desktop10.1\ArcToolbox\Toolboxes\Data Management Tools.tbx\CalculateField" Date="20180615" Time="141230">CalculateField "Base Layers\FOP1819_NBFT_TamboDraft_Merg" WORKS_DESCRIPTION "Vegetation works (without tree removal and soil disturbance)(incl mulching, slashing, flail mowing)" VB #</Process><Process ToolSource="c:\program files\arcgis\desktop10.1\ArcToolbox\Toolboxes\Data Management Tools.tbx\CalculateField" Date="20180615" Time="141304">CalculateField "Base Layers\FOP1819_NBFT_TamboDraft_Merg" NEW_WORKS "YES-added to database" VB #</Process><Process ToolSource="c:\program files\arcgis\desktop10.1\ArcToolbox\Toolboxes\Data Management Tools.tbx\CalculateField" Date="20180615" Time="141324">CalculateField "Base Layers\FOP1819_NBFT_TamboDraft_Merg" AGENCY "DELWP" VB #</Process><Process ToolSource="c:\program files\arcgis\desktop10.1\ArcToolbox\Toolboxes\Data Management Tools.tbx\CalculateField" Date="20180615" Time="141334">CalculateField "Base Layers\FOP1819_NBFT_TamboDraft_Merg" METHOD "Internal" VB #</Process><Process ToolSource="c:\program files\arcgis\desktop10.1\ArcToolbox\Toolboxes\Data Management Tools.tbx\CalculateField" Date="20180615" Time="141349">CalculateField "Base Layers\FOP1819_NBFT_TamboDraft_Merg" BROAD_WORK_DESCRIPTION "Fire Prevention - Fuel Break Maintenance" VB #</Process><Process ToolSource="c:\program files\arcgis\desktop10.1\ArcToolbox\Toolboxes\Data Management Tools.tbx\CalculateField" Date="20180615" Time="141400">CalculateField "Base Layers\FOP1819_NBFT_TamboDraft_Merg" STANDARD_WORKS_TYPE "Slashing/Mowing" VB #</Process><Process ToolSource="c:\program files\arcgis\desktop10.1\ArcToolbox\Toolboxes\Data Management Tools.tbx\CalculateField" Date="20180615" Time="141446">CalculateField "Base Layers\FOP1819_NBFT_TamboDraft_Merg" METHOD "Internal" VB #</Process><Process ToolSource="c:\program files\arcgis\desktop10.1\ArcToolbox\Toolboxes\Data Management Tools.tbx\CalculateField" Date="20180615" Time="141500">CalculateField "Base Layers\FOP1819_NBFT_TamboDraft_Merg" AGENCY "DELWPl" VB #</Process><Process ToolSource="c:\program files\arcgis\desktop10.1\ArcToolbox\Toolboxes\Data Management Tools.tbx\CalculateField" Date="20180615" Time="141507">CalculateField "Base Layers\FOP1819_NBFT_TamboDraft_Merg" AGENCY "DELWP" VB #</Process><Process ToolSource="c:\program files\arcgis\desktop10.1\ArcToolbox\Toolboxes\Data Management Tools.tbx\CalculateField" Date="20180615" Time="141522">CalculateField "Base Layers\FOP1819_NBFT_TamboDraft_Merg" NEW_WORKS "NO-already in database" VB #</Process><Process ToolSource="c:\program files\arcgis\desktop10.1\ArcToolbox\Toolboxes\Conversion Tools.tbx\FeatureClassToFeatureClass" Date="20180618" Time="094105">FeatureClassToFeatureClass "L:\Department Business Share\_Regions\GIPPSLAND_\5 TAMBO District\Forest Fuel Management\Fire Operations Plans\2018-19 FOP\Spatial Data\DraftFOP.gdb\FOP1819_NBFT_TamboDraft_FINAL2018615" "L:\Department Business Share\_Regions\GIPPSLAND_\5 TAMBO District\Forest Fuel Management\Fire Operations Plans\2018-19 FOP\Spatial Data\New folder" FOP1819_NBFT_TamboDraft_FINAL2018615.shp # "NAME "NAME" true true false 255 Text 0 0 ,First,#,L:\Department Business Share\_Regions\GIPPSLAND_\5 TAMBO District\Forest Fuel Management\Fire Operations Plans\2018-19 FOP\Spatial Data\DraftFOP.gdb\FOP1819_NBFT_TamboDraft_FINAL2018615,NAME,-1,-1;EVENTID "EVENTID" true true false 4 Long 0 0 ,First,#,L:\Department Business Share\_Regions\GIPPSLAND_\5 TAMBO District\Forest Fuel Management\Fire Operations Plans\2018-19 FOP\Spatial Data\DraftFOP.gdb\FOP1819_NBFT_TamboDraft_FINAL2018615,EVENTID,-1,-1;CATEGORY "CATEGORY" true true false 50 Text 0 0 ,First,#,L:\Department Business Share\_Regions\GIPPSLAND_\5 TAMBO District\Forest Fuel Management\Fire Operations Plans\2018-19 FOP\Spatial Data\DraftFOP.gdb\FOP1819_NBFT_TamboDraft_FINAL2018615,CATEGORY,-1,-1;COMMENTS "COMMENTS" true true false 255 Text 0 0 ,First,#,L:\Department Business Share\_Regions\GIPPSLAND_\5 TAMBO District\Forest Fuel Management\Fire Operations Plans\2018-19 FOP\Spatial Data\DraftFOP.gdb\FOP1819_NBFT_TamboDraft_FINAL2018615,COMMENTS,-1,-1;LABEL "LABEL" true true false 100 Text 0 0 ,First,#,L:\Department Business Share\_Regions\GIPPSLAND_\5 TAMBO District\Forest Fuel Management\Fire Operations Plans\2018-19 FOP\Spatial Data\DraftFOP.gdb\FOP1819_NBFT_TamboDraft_FINAL2018615,LABEL,-1,-1;SOURCE "SOURCE" true true false 50 Text 0 0 ,First,#,L:\Department Business Share\_Regions\GIPPSLAND_\5 TAMBO District\Forest Fuel Management\Fire Operations Plans\2018-19 FOP\Spatial Data\DraftFOP.gdb\FOP1819_NBFT_TamboDraft_FINAL2018615,SOURCE,-1,-1;TREATMENT_ "TREATMENT_NO" true true false 20 Text 0 0 ,First,#,L:\Department Business Share\_Regions\GIPPSLAND_\5 TAMBO District\Forest Fuel Management\Fire Operations Plans\2018-19 FOP\Spatial Data\DraftFOP.gdb\FOP1819_NBFT_TamboDraft_FINAL2018615,TREATMENT_NO,-1,-1;FOOTPRINT "FOOTPRINT" true true false 50 Text 0 0 ,First,#,L:\Department Business Share\_Regions\GIPPSLAND_\5 TAMBO District\Forest Fuel Management\Fire Operations Plans\2018-19 FOP\Spatial Data\DraftFOP.gdb\FOP1819_NBFT_TamboDraft_FINAL2018615,FOOTPRINT,-1,-1;WORKS_DESC "WORKS_DESCRIPTION" true true false 200 Text 0 0 ,First,#,L:\Department Business Share\_Regions\GIPPSLAND_\5 TAMBO District\Forest Fuel Management\Fire Operations Plans\2018-19 FOP\Spatial Data\DraftFOP.gdb\FOP1819_NBFT_TamboDraft_FINAL2018615,WORKS_DESCRIPTION,-1,-1;NEW_WORKS "NEW_WORKS" true true false 50 Text 0 0 ,First,#,L:\Department Business Share\_Regions\GIPPSLAND_\5 TAMBO District\Forest Fuel Management\Fire Operations Plans\2018-19 FOP\Spatial Data\DraftFOP.gdb\FOP1819_NBFT_TamboDraft_FINAL2018615,NEW_WORKS,-1,-1;AGENCY "AGENCY" true true false 50 Text 0 0 ,First,#,L:\Department Business Share\_Regions\GIPPSLAND_\5 TAMBO District\Forest Fuel Management\Fire Operations Plans\2018-19 FOP\Spatial Data\DraftFOP.gdb\FOP1819_NBFT_TamboDraft_FINAL2018615,AGENCY,-1,-1;METHOD "METHOD" true true false 50 Text 0 0 ,First,#,L:\Department Business Share\_Regions\GIPPSLAND_\5 TAMBO District\Forest Fuel Management\Fire Operations Plans\2018-19 FOP\Spatial Data\DraftFOP.gdb\FOP1819_NBFT_TamboDraft_FINAL2018615,METHOD,-1,-1;BROAD_WORK "BROAD_WORK_DESCRIPTION" true true false 50 Text 0 0 ,First,#,L:\Department Business Share\_Regions\GIPPSLAND_\5 TAMBO District\Forest Fuel Management\Fire Operations Plans\2018-19 FOP\Spatial Data\DraftFOP.gdb\FOP1819_NBFT_TamboDraft_FINAL2018615,BROAD_WORK_DESCRIPTION,-1,-1;STANDARD_W "STANDARD_WORKS_TYPE" true true false 150 Text 0 0 ,First,#,L:\Department Business Share\_Regions\GIPPSLAND_\5 TAMBO District\Forest Fuel Management\Fire Operations Plans\2018-19 FOP\Spatial Data\DraftFOP.gdb\FOP1819_NBFT_TamboDraft_FINAL2018615,STANDARD_WORKS_TYPE,-1,-1;Shape_Leng "Shape_Leng" false true true 8 Double 0 0 ,First,#,L:\Department Business Share\_Regions\GIPPSLAND_\5 TAMBO District\Forest Fuel Management\Fire Operations Plans\2018-19 FOP\Spatial Data\DraftFOP.gdb\FOP1819_NBFT_TamboDraft_FINAL2018615,Shape_Length,-1,-1;Shape_Area "Shape_Area" false true true 8 Double 0 0 ,First,#,L:\Department Business Share\_Regions\GIPPSLAND_\5 TAMBO District\Forest Fuel Management\Fire Operations Plans\2018-19 FOP\Spatial Data\DraftFOP.gdb\FOP1819_NBFT_TamboDraft_FINAL2018615,Shape_Area,-1,-1" #</Process><Process ToolSource="c:\program files (x86)\arcgis\desktop10.5\ArcToolbox\Toolboxes\Data Management Tools.tbx\CalculateField" Date="20181210" Time="084549">CalculateField FOP1819_NBFT_TamboDraft_FINAL2018615 Workcentre "BAI" VB #</Process><Process ToolSource="c:\program files (x86)\arcgis\desktop10.5\ArcToolbox\Toolboxes\Data Management Tools.tbx\CalculateField" Date="20181210" Time="084613">CalculateField FOP1819_NBFT_TamboDraft_FINAL2018615 Workcentre "NOW" VB #</Process><Process ToolSource="c:\program files (x86)\arcgis\desktop10.5\ArcToolbox\Toolboxes\Data Management Tools.tbx\CalculateField" Date="20181210" Time="084633">CalculateField FOP1819_NBFT_TamboDraft_FINAL2018615 Workcentre "SCK" VB #</Process><Process ToolSource="c:\program files (x86)\arcgis\desktop10.5\ArcToolbox\Toolboxes\Data Management Tools.tbx\CalculateField" Date="20181210" Time="084702">CalculateField FOP1819_NBFT_TamboDraft_FINAL2018615 Workcentre "NOW" VB #</Process><Process ToolSource="c:\program files (x86)\arcgis\desktop10.5\ArcToolbox\Toolboxes\Data Management Tools.tbx\CalculateField" Date="20181210" Time="085035">CalculateField FOP1819_NBFT_TamboDraft_FINAL2018615 Sub_Type "Fuel Break Maintenance &gt;20m" VB #</Process><Process ToolSource="c:\program files (x86)\arcgis\desktop10.5\ArcToolbox\Toolboxes\Data Management Tools.tbx\CalculateField" Date="20181210" Time="085218">CalculateField FOP1819_NBFT_TamboDraft_FINAL2018615 NBFT_Type "Towers" VB #</Process><Process ToolSource="c:\program files (x86)\arcgis\desktop10.5\ArcToolbox\Toolboxes\Data Management Tools.tbx\CalculateField" Date="20181210" Time="085720">CalculateField FOP1819_NBFT_TamboDraft_FINAL2018615 Workcentre "BAI" VB #</Process><Process ToolSource="c:\program files (x86)\arcgis\desktop10.5\ArcToolbox\Toolboxes\Data Management Tools.tbx\CalculateField" Date="20181210" Time="085729">CalculateField FOP1819_NBFT_TamboDraft_FINAL2018615 NAME "" VB #</Process><Process ToolSource="c:\program files (x86)\arcgis\desktop10.5\ArcToolbox\Toolboxes\Data Management Tools.tbx\CalculateField" Date="20181210" Time="085840">CalculateField FOP1819_NBFT_TamboDraft_FINAL2018615 Workcentre "BAI" VB #</Process><Process ToolSource="c:\program files (x86)\arcgis\desktop10.5\ArcToolbox\Toolboxes\Data Management Tools.tbx\CalculateField" Date="20181210" Time="085851">CalculateField FOP1819_NBFT_TamboDraft_FINAL2018615 NAME "" VB #</Process><Process ToolSource="c:\program files (x86)\arcgis\desktop10.5\ArcToolbox\Toolboxes\Data Management Tools.tbx\CalculateField" Date="20181210" Time="090429">CalculateField FOP1819_NBFT_TamboDraft_FINAL2018615 COMMENTS "Blackfellow Road - Gelantipty" VB #</Process><Process ToolSource="c:\program files (x86)\arcgis\desktop10.5\ArcToolbox\Toolboxes\Data Management Tools.tbx\CalculateField" Date="20181210" Time="090616">CalculateField FOP1819_NBFT_TamboDraft_FINAL2018615 COMMENTS "Blackfellwos Road - Lakes Entrance" VB #</Process><Process ToolSource="c:\program files (x86)\arcgis\desktop10.5\ArcToolbox\Toolboxes\Data Management Tools.tbx\CalculateField" Date="20181210" Time="090710">CalculateField FOP1819_NBFT_TamboDraft_FINAL2018615 COMMENTS "Blicks Hill Link Road" VB #</Process><Process ToolSource="c:\program files (x86)\arcgis\desktop10.5\ArcToolbox\Toolboxes\Data Management Tools.tbx\CalculateField" Date="20181210" Time="091026">CalculateField FOP1819_NBFT_TamboDraft_FINAL2018615 COMMENTS "Browns Trk - SCK" VB #</Process><Process ToolSource="c:\program files (x86)\arcgis\desktop10.5\ArcToolbox\Toolboxes\Data Management Tools.tbx\CalculateField" Date="20181210" Time="091052">CalculateField FOP1819_NBFT_TamboDraft_FINAL2018615 COMMENTS "Browns Trk - NOW" VB #</Process><Process ToolSource="c:\program files (x86)\arcgis\desktop10.5\ArcToolbox\Toolboxes\Data Management Tools.tbx\CalculateField" Date="20181210" Time="154407">CalculateField FOP1819_NBFT_TamboDraft_FINAL2018615 NBFT_Type "Water Points" VB #</Process><Process ToolSource="c:\program files (x86)\arcgis\desktop10.5\ArcToolbox\Toolboxes\Data Management Tools.tbx\CalculateField" Date="20181210" Time="154444">CalculateField FOP1819_NBFT_TamboDraft_FINAL2018615 Sub_Type "Water Point Maintenance" VB #</Process><Process ToolSource="c:\program files (x86)\arcgis\desktop10.5\ArcToolbox\Toolboxes\Data Management Tools.tbx\CalculateField" Date="20181210" Time="154624">CalculateField FOP1819_NBFT_TamboDraft_FINAL2018615 NBFT_Type "Slashing" VB #</Process><Process ToolSource="c:\program files (x86)\arcgis\desktop10.5\ArcToolbox\Toolboxes\Data Management Tools.tbx\CalculateField" Date="20181210" Time="154640">CalculateField FOP1819_NBFT_TamboDraft_FINAL2018615 Sub_Type "Public Land Block" VB #</Process><Process ToolSource="c:\program files (x86)\arcgis\desktop10.5\ArcToolbox\Toolboxes\Data Management Tools.tbx\CalculateField" Date="20181210" Time="154724">CalculateField FOP1819_NBFT_TamboDraft_FINAL2018615 NBFT_Type "Slashing" VB #</Process><Process ToolSource="c:\program files (x86)\arcgis\desktop10.5\ArcToolbox\Toolboxes\Data Management Tools.tbx\CalculateField" Date="20181210" Time="154738">CalculateField FOP1819_NBFT_TamboDraft_FINAL2018615 Sub_Type "Public Land Block" VB #</Process><Process ToolSource="c:\program files (x86)\arcgis\desktop10.5\ArcToolbox\Toolboxes\Data Management Tools.tbx\CalculateField" Date="20181210" Time="154848">CalculateField FOP1819_NBFT_TamboDraft_FINAL2018615 Sub_Type "Public Land Block" VB #</Process><Process ToolSource="c:\program files (x86)\arcgis\desktop10.5\ArcToolbox\Toolboxes\Data Management Tools.tbx\CalculateField" Date="20181210" Time="154858">CalculateField FOP1819_NBFT_TamboDraft_FINAL2018615 NBFT_Type "Slashing" VB #</Process><Process ToolSource="c:\program files (x86)\arcgis\desktop10.5\ArcToolbox\Toolboxes\Data Management Tools.tbx\CalculateField" Date="20181210" Time="155329">CalculateField FOP1819_NBFT_TamboDraft_FINAL2018615 Local_Name "Switchback Trk - NOW" VB #</Process><Process ToolSource="c:\program files (x86)\arcgis\desktop10.5\ArcToolbox\Toolboxes\Data Management Tools.tbx\CalculateField" Date="20181210" Time="155346">CalculateField FOP1819_NBFT_TamboDraft_FINAL2018615 Local_Name "Switchback Trk - BAI" VB #</Process><Process ToolSource="c:\program files (x86)\arcgis\desktop10.5\ArcToolbox\Toolboxes\Data Management Tools.tbx\CalculateField" Date="20181210" Time="155404">CalculateField FOP1819_NBFT_TamboDraft_FINAL2018615 NBFT_Type "Slashing" VB #</Process><Process ToolSource="c:\program files (x86)\arcgis\desktop10.5\ArcToolbox\Toolboxes\Data Management Tools.tbx\CalculateField" Date="20181210" Time="155421">CalculateField FOP1819_NBFT_TamboDraft_FINAL2018615 Sub_Type "Fuel Break Maintenance &lt;6m" VB #</Process><Process ToolSource="c:\program files (x86)\arcgis\desktop10.5\ArcToolbox\Toolboxes\Data Management Tools.tbx\CalculateField" Date="20181210" Time="160007">CalculateField FOP1819_NBFT_TamboDraft_FINAL2018615 Local_Name "Wards Road - NOW" VB #</Process><Process ToolSource="c:\program files (x86)\arcgis\desktop10.5\ArcToolbox\Toolboxes\Data Management Tools.tbx\CalculateField" Date="20181210" Time="160027">CalculateField FOP1819_NBFT_TamboDraft_FINAL2018615 Local_Name "Wards Road - BAI" VB #</Process><Process ToolSource="c:\program files (x86)\arcgis\desktop10.5\ArcToolbox\Toolboxes\Data Management Tools.tbx\CalculateField" Date="20181210" Time="160154">CalculateField FOP1819_NBFT_TamboDraft_FINAL2018615 NBFT_Type "Slashing" VB #</Process><Process ToolSource="c:\program files (x86)\arcgis\desktop10.5\ArcToolbox\Toolboxes\Data Management Tools.tbx\CalculateField" Date="20181210" Time="160211">CalculateField FOP1819_NBFT_TamboDraft_FINAL2018615 Sub_Type "Fuel Break Maintenance &lt;6m" VB #</Process><Process ToolSource="c:\program files (x86)\arcgis\desktop10.5\ArcToolbox\Toolboxes\Data Management Tools.tbx\CalculateField" Date="20181210" Time="161524">CalculateField FOP1819_NBFT_TamboDraft_FINAL2018615 NBFT_Type "Slashing" VB #</Process><Process ToolSource="c:\program files (x86)\arcgis\desktop10.5\ArcToolbox\Toolboxes\Data Management Tools.tbx\CalculateField" Date="20181210" Time="161841">CalculateField FOP1819_NBFT_TamboDraft_FINAL2018615 Sub_Type "Helipad Maintenance" VB #</Process><Process ToolSource="c:\program files (x86)\arcgis\desktop10.5\ArcToolbox\Toolboxes\Data Management Tools.tbx\CalculateField" Date="20181214" Time="080817">CalculateField FOP1819_NBFT_TamboDraft_FINAL2018615 Local_Name [COMMENTS] VB #</Process><Process ToolSource="c:\program files (x86)\arcgis\desktop10.5\ArcToolbox\Toolboxes\Data Management Tools.tbx\CalculateField" Date="20181214" Time="092834">CalculateField FOP1819_NBFT_TamboDraft_FINAL2018615 NBFT_Type "Slashing" VB #</Process><Process ToolSource="c:\program files (x86)\arcgis\desktop10.5\ArcToolbox\Toolboxes\Data Management Tools.tbx\CalculateField" Date="20181214" Time="092855">CalculateField FOP1819_NBFT_TamboDraft_FINAL2018615 Sub_Type "Fuel Break Maintenance &lt;6m" VB #</Process><Process ToolSource="c:\program files (x86)\arcgis\desktop10.5\ArcToolbox\Toolboxes\Data Management Tools.tbx\CalculateField" Date="20181214" Time="092908">CalculateField FOP1819_NBFT_TamboDraft_FINAL2018615 Sub_Type "Fuel Break Maintenance &lt;6m" VB #</Process><Process ToolSource="c:\program files (x86)\arcgis\desktop10.5\ArcToolbox\Toolboxes\Data Management Tools.tbx\CalculateField" Date="20181214" Time="093424">CalculateField FOP1819_NBFT_TamboDraft_FINAL2018615 Sub_Type "Fuel Break Maintenance &lt;6m" VB #</Process><Process ToolSource="c:\program files (x86)\arcgis\desktop10.5\ArcToolbox\Toolboxes\Data Management Tools.tbx\CalculateField" Date="20181214" Time="093433">CalculateField FOP1819_NBFT_TamboDraft_FINAL2018615 NBFT_Type "Slashing" VB #</Process><Process ToolSource="c:\program files (x86)\arcgis\desktop10.5\ArcToolbox\Toolboxes\Data Management Tools.tbx\CalculateField" Date="20181214" Time="094233">CalculateField FOP1819_NBFT_TamboDraft_FINAL2018615 NBFT_Type "Slashing" VB #</Process><Process ToolSource="c:\program files (x86)\arcgis\desktop10.5\ArcToolbox\Toolboxes\Data Management Tools.tbx\CalculateField" Date="20181214" Time="094249">CalculateField FOP1819_NBFT_TamboDraft_FINAL2018615 Sub_Type "Fuel Break Maintenance &lt;6m" VB #</Process><Process ToolSource="c:\program files (x86)\arcgis\desktop10.5\ArcToolbox\Toolboxes\Data Management Tools.tbx\CalculateField" Date="20181214" Time="094911">CalculateField FOP1819_NBFT_TamboDraft_FINAL2018615 Sub_Type "Fuel Break Maintenance &lt;6m" VB #</Process><Process ToolSource="c:\program files (x86)\arcgis\desktop10.5\ArcToolbox\Toolboxes\Data Management Tools.tbx\CalculateField" Date="20181214" Time="094921">CalculateField FOP1819_NBFT_TamboDraft_FINAL2018615 NBFT_Type "Slashing" VB #</Process><Process ToolSource="c:\program files (x86)\arcgis\desktop10.5\ArcToolbox\Toolboxes\Data Management Tools.tbx\CalculateField" Date="20181214" Time="100506">CalculateField FOP1819_NBFT_TamboDraft_FINAL2018615 NBFT_Type "Slashing" VB #</Process><Process ToolSource="c:\program files (x86)\arcgis\desktop10.5\ArcToolbox\Toolboxes\Data Management Tools.tbx\CalculateField" Date="20181214" Time="100521">CalculateField FOP1819_NBFT_TamboDraft_FINAL2018615 Sub_Type "Fuel Break Maintenance &lt;6m" VB #</Process><Process ToolSource="c:\program files (x86)\arcgis\desktop10.5\ArcToolbox\Toolboxes\Data Management Tools.tbx\CalculateField" Date="20181214" Time="100553">CalculateField FOP1819_NBFT_TamboDraft_FINAL2018615 NBFT_Type "Towers" VB #</Process><Process ToolSource="c:\program files (x86)\arcgis\desktop10.5\ArcToolbox\Toolboxes\Data Management Tools.tbx\CalculateField" Date="20181214" Time="100607">CalculateField FOP1819_NBFT_TamboDraft_FINAL2018615 Sub_Type "Fire Tower Maintenance" VB #</Process><Process ToolSource="c:\program files (x86)\arcgis\desktop10.5\ArcToolbox\Toolboxes\Data Management Tools.tbx\CalculateField" Date="20181214" Time="102030">CalculateField FOP1819_NBFT_TamboDraft_FINAL2018615 Sub_Type "Fuel Break Maintenace &lt;6m" VB #</Process><Process ToolSource="c:\program files (x86)\arcgis\desktop10.5\ArcToolbox\Toolboxes\Data Management Tools.tbx\CalculateField" Date="20181214" Time="102046">CalculateField FOP1819_NBFT_TamboDraft_FINAL2018615 NBFT_Type "Slashing" VB #</Process><Process ToolSource="c:\program files (x86)\arcgis\desktop10.5\ArcToolbox\Toolboxes\Data Management Tools.tbx\CalculateField" Date="20181214" Time="105211">CalculateField FOP1819_NBFT_TamboDraft_FINAL2018615 Sub_Type "Fuel Break Maintenance 6-19m" VB #</Process><Process ToolSource="c:\program files (x86)\arcgis\desktop10.5\ArcToolbox\Toolboxes\Data Management Tools.tbx\CalculateField" Date="20181214" Time="105240">CalculateField FOP1819_NBFT_TamboDraft_FINAL2018615 NBFT_Type "Slashing" VB #</Process><Process ToolSource="c:\program files (x86)\arcgis\desktop10.5\ArcToolbox\Toolboxes\Data Management Tools.tbx\CalculateField" Date="20181214" Time="111950">CalculateField FOP1819_NBFT_TamboDraft_FINAL2018615 Local_Name [COMMENTS] VB #</Process><Process ToolSource="c:\program files (x86)\arcgis\desktop10.5\ArcToolbox\Toolboxes\Data Management Tools.tbx\CalculateField" Date="20181214" Time="112004">CalculateField FOP1819_NBFT_TamboDraft_FINAL2018615 NBFT_Type "Slashing" VB #</Process><Process ToolSource="c:\program files (x86)\arcgis\desktop10.5\ArcToolbox\Toolboxes\Data Management Tools.tbx\CalculateField" Date="20181214" Time="112023">CalculateField FOP1819_NBFT_TamboDraft_FINAL2018615 Sub_Type "Fuel Break Maintenance &lt;6m" VB #</Process><Process ToolSource="c:\program files (x86)\arcgis\desktop10.5\ArcToolbox\Toolboxes\Data Management Tools.tbx\CalculateField" Date="20181214" Time="115101">CalculateField FOP1819_NBFT_TamboDraft_FINAL2018615 NBFT_Type "Helipads" VB #</Process><Process ToolSource="c:\program files (x86)\arcgis\desktop10.5\ArcToolbox\Toolboxes\Data Management Tools.tbx\CalculateField" Date="20181214" Time="122110">CalculateField FOP1819_NBFT_TamboDraft_FINAL2018615 Local_Name "Left( [COMMENTS] ,23) " VB #</Process><Process ToolSource="c:\program files (x86)\arcgis\desktop10.5\ArcToolbox\Toolboxes\Data Management Tools.tbx\CalculateField" Date="20181214" Time="122129">CalculateField FOP1819_NBFT_TamboDraft_FINAL2018615 Local_Name "Right( [COMMENTS] ,23) " VB #</Process><Process ToolSource="c:\program files (x86)\arcgis\desktop10.5\ArcToolbox\Toolboxes\Data Management Tools.tbx\CalculateField" Date="20181214" Time="123239">CalculateField FOP1819_NBFT_TamboDraft_FINAL2018615 Local_Name [COMMENTS] VB #</Process><Process ToolSource="c:\program files (x86)\arcgis\desktop10.5\ArcToolbox\Toolboxes\Data Management Tools.tbx\CalculateField" Date="20181214" Time="123254">CalculateField FOP1819_NBFT_TamboDraft_FINAL2018615 NBFT_Type "Slashing" VB #</Process><Process ToolSource="c:\program files (x86)\arcgis\desktop10.5\ArcToolbox\Toolboxes\Data Management Tools.tbx\CalculateField" Date="20181214" Time="123310">CalculateField FOP1819_NBFT_TamboDraft_FINAL2018615 Sub_Type "fuel Break Maintenance &lt;6m" VB #</Process><Process ToolSource="c:\program files (x86)\arcgis\desktop10.5\ArcToolbox\Toolboxes\Data Management Tools.tbx\CalculateField" Date="20181214" Time="123321">CalculateField FOP1819_NBFT_TamboDraft_FINAL2018615 Sub_Type "fuel Break Maintenance &lt;6m" VB #</Process><Process ToolSource="c:\program files (x86)\arcgis\desktop10.5\ArcToolbox\Toolboxes\Data Management Tools.tbx\CalculateField" Date="20181214" Time="123538">CalculateField FOP1819_NBFT_TamboDraft_FINAL2018615 Sub_Type "Fuel Break Maintenance &lt;6m" VB #</Process><Process ToolSource="c:\program files (x86)\arcgis\desktop10.5\ArcToolbox\Toolboxes\Data Management Tools.tbx\CalculateField" Date="20181214" Time="123901">CalculateField FOP1819_NBFT_TamboDraft_FINAL2018615 Local_Name [COMMENTS] VB #</Process><Process ToolSource="c:\program files (x86)\arcgis\desktop10.5\ArcToolbox\Toolboxes\Data Management Tools.tbx\CalculateField" Date="20181214" Time="123911">CalculateField FOP1819_NBFT_TamboDraft_FINAL2018615 NBFT_Type "Slashing" VB #</Process><Process ToolSource="c:\program files (x86)\arcgis\desktop10.5\ArcToolbox\Toolboxes\Data Management Tools.tbx\CalculateField" Date="20181214" Time="123925">CalculateField FOP1819_NBFT_TamboDraft_FINAL2018615 Sub_Type "Fuel Break Maintenance &lt;6m" VB #</Process><Process ToolSource="c:\program files (x86)\arcgis\desktop10.5\ArcToolbox\Toolboxes\Data Management Tools.tbx\CalculateField" Date="20181214" Time="124213">CalculateField FOP1819_NBFT_TamboDraft_FINAL2018615 Sub_Type "Fuel Break Maintenance &lt;6m" VB #</Process><Process ToolSource="c:\program files (x86)\arcgis\desktop10.5\ArcToolbox\Toolboxes\Data Management Tools.tbx\CalculateField" Date="20181214" Time="124222">CalculateField FOP1819_NBFT_TamboDraft_FINAL2018615 NBFT_Type "Slashing" VB #</Process><Process ToolSource="c:\program files (x86)\arcgis\desktop10.5\ArcToolbox\Toolboxes\Data Management Tools.tbx\CalculateField" Date="20181214" Time="124231">CalculateField FOP1819_NBFT_TamboDraft_FINAL2018615 Local_Name [COMMENTS] VB #</Process><Process ToolSource="c:\program files (x86)\arcgis\desktop10.5\ArcToolbox\Toolboxes\Data Management Tools.tbx\CalculateField" Date="20181214" Time="124408">CalculateField FOP1819_NBFT_TamboDraft_FINAL2018615 Local_Name [COMMENTS] VB #</Process><Process ToolSource="c:\program files (x86)\arcgis\desktop10.5\ArcToolbox\Toolboxes\Data Management Tools.tbx\CalculateField" Date="20181214" Time="124418">CalculateField FOP1819_NBFT_TamboDraft_FINAL2018615 NBFT_Type "Slashing" VB #</Process><Process ToolSource="c:\program files (x86)\arcgis\desktop10.5\ArcToolbox\Toolboxes\Data Management Tools.tbx\CalculateField" Date="20181214" Time="124437">CalculateField FOP1819_NBFT_TamboDraft_FINAL2018615 Sub_Type "Fuel Break Maintenance &lt;6m" VB #</Process><Process ToolSource="c:\program files (x86)\arcgis\desktop10.5\ArcToolbox\Toolboxes\Data Management Tools.tbx\CalculateField" Date="20181214" Time="125157">CalculateField FOP1819_NBFT_TamboDraft_FINAL2018615 Sub_Type "Fuel Break Maintenance &lt;6m" VB #</Process><Process ToolSource="c:\program files (x86)\arcgis\desktop10.5\ArcToolbox\Toolboxes\Data Management Tools.tbx\CalculateField" Date="20181214" Time="125210">CalculateField FOP1819_NBFT_TamboDraft_FINAL2018615 NBFT_Type "Slashing" VB #</Process><Process ToolSource="c:\program files (x86)\arcgis\desktop10.5\ArcToolbox\Toolboxes\Data Management Tools.tbx\CalculateField" Date="20181214" Time="125220">CalculateField FOP1819_NBFT_TamboDraft_FINAL2018615 Local_Name [COMMENTS] VB #</Process><Process ToolSource="c:\program files (x86)\arcgis\desktop10.5\ArcToolbox\Toolboxes\Data Management Tools.tbx\CalculateField" Date="20181214" Time="125545">CalculateField FOP1819_NBFT_TamboDraft_FINAL2018615 Local_Name [COMMENTS] VB #</Process><Process ToolSource="c:\program files (x86)\arcgis\desktop10.5\ArcToolbox\Toolboxes\Data Management Tools.tbx\CalculateField" Date="20181214" Time="125555">CalculateField FOP1819_NBFT_TamboDraft_FINAL2018615 NBFT_Type "Slashing" VB #</Process><Process ToolSource="c:\program files (x86)\arcgis\desktop10.5\ArcToolbox\Toolboxes\Data Management Tools.tbx\CalculateField" Date="20181214" Time="125613">CalculateField FOP1819_NBFT_TamboDraft_FINAL2018615 Sub_Type "Fuel Break Maintenance &lt;6m" VB #</Process><Process ToolSource="c:\program files (x86)\arcgis\desktop10.5\ArcToolbox\Toolboxes\Data Management Tools.tbx\CalculateField" Date="20181214" Time="125844">CalculateField FOP1819_NBFT_TamboDraft_FINAL2018615 Sub_Type "Fuel Break Maintenance &lt;6m" VB #</Process><Process ToolSource="c:\program files (x86)\arcgis\desktop10.5\ArcToolbox\Toolboxes\Data Management Tools.tbx\CalculateField" Date="20181214" Time="125853">CalculateField FOP1819_NBFT_TamboDraft_FINAL2018615 NBFT_Type "Slashing" VB #</Process><Process ToolSource="c:\program files (x86)\arcgis\desktop10.5\ArcToolbox\Toolboxes\Data Management Tools.tbx\CalculateField" Date="20181214" Time="125904">CalculateField FOP1819_NBFT_TamboDraft_FINAL2018615 Local_Name [COMMENTS] VB #</Process><Process ToolSource="c:\program files (x86)\arcgis\desktop10.5\ArcToolbox\Toolboxes\Data Management Tools.tbx\CalculateField" Date="20181214" Time="130436">CalculateField FOP1819_NBFT_TamboDraft_FINAL2018615 Local_Name [COMMENTS] VB #</Process><Process ToolSource="c:\program files (x86)\arcgis\desktop10.5\ArcToolbox\Toolboxes\Data Management Tools.tbx\CalculateField" Date="20181214" Time="130444">CalculateField FOP1819_NBFT_TamboDraft_FINAL2018615 NBFT_Type "Slashing" VB #</Process><Process ToolSource="c:\program files (x86)\arcgis\desktop10.5\ArcToolbox\Toolboxes\Data Management Tools.tbx\CalculateField" Date="20181214" Time="130458">CalculateField FOP1819_NBFT_TamboDraft_FINAL2018615 Sub_Type "Fuel Break Maintenance &lt;6" VB #</Process><Process ToolSource="c:\program files (x86)\arcgis\desktop10.5\ArcToolbox\Toolboxes\Data Management Tools.tbx\CalculateField" Date="20181214" Time="130831">CalculateField FOP1819_NBFT_TamboDraft_FINAL2018615 Sub_Type "Fuel Break Maintenance &lt;6m" VB #</Process><Process ToolSource="c:\program files (x86)\arcgis\desktop10.5\ArcToolbox\Toolboxes\Data Management Tools.tbx\CalculateField" Date="20181214" Time="130846">CalculateField FOP1819_NBFT_TamboDraft_FINAL2018615 NBFT_Type "Slashing" VB #</Process><Process ToolSource="c:\program files (x86)\arcgis\desktop10.5\ArcToolbox\Toolboxes\Data Management Tools.tbx\CalculateField" Date="20181214" Time="130852">CalculateField FOP1819_NBFT_TamboDraft_FINAL2018615 Local_Name [COMMENTS] VB #</Process><Process ToolSource="c:\program files (x86)\arcgis\desktop10.5\ArcToolbox\Toolboxes\Data Management Tools.tbx\CalculateField" Date="20181214" Time="130914">CalculateField FOP1819_NBFT_TamboDraft_FINAL2018615 Sub_Type "Fuel Break Maintenance &lt;6m" VB #</Process><Process ToolSource="c:\program files (x86)\arcgis\desktop10.5\ArcToolbox\Toolboxes\Data Management Tools.tbx\CalculateField" Date="20181214" Time="131255">CalculateField FOP1819_NBFT_TamboDraft_FINAL2018615 Sub_Type "Fuel Break Maintenance &lt;6m" VB #</Process><Process ToolSource="c:\program files (x86)\arcgis\desktop10.5\ArcToolbox\Toolboxes\Data Management Tools.tbx\CalculateField" Date="20181214" Time="131304">CalculateField FOP1819_NBFT_TamboDraft_FINAL2018615 NBFT_Type "Slashing" VB #</Process><Process ToolSource="c:\program files (x86)\arcgis\desktop10.5\ArcToolbox\Toolboxes\Data Management Tools.tbx\CalculateField" Date="20181214" Time="131312">CalculateField FOP1819_NBFT_TamboDraft_FINAL2018615 Local_Name [COMMENTS] VB #</Process><Process ToolSource="c:\program files (x86)\arcgis\desktop10.5\ArcToolbox\Toolboxes\Data Management Tools.tbx\CalculateField" Date="20181214" Time="131807">CalculateField FOP1819_NBFT_TamboDraft_FINAL2018615 Local_Name [COMMENTS] VB #</Process><Process ToolSource="c:\program files (x86)\arcgis\desktop10.5\ArcToolbox\Toolboxes\Data Management Tools.tbx\CalculateField" Date="20181214" Time="131814">CalculateField FOP1819_NBFT_TamboDraft_FINAL2018615 NBFT_Type "Slashing" VB #</Process><Process ToolSource="c:\program files (x86)\arcgis\desktop10.5\ArcToolbox\Toolboxes\Data Management Tools.tbx\CalculateField" Date="20181214" Time="131834">CalculateField FOP1819_NBFT_TamboDraft_FINAL2018615 Sub_Type "Fuel Break Maintenance &lt;6m" VB #</Process><Process ToolSource="c:\program files (x86)\arcgis\desktop10.5\ArcToolbox\Toolboxes\Data Management Tools.tbx\CalculateField" Date="20181214" Time="132111">CalculateField FOP1819_NBFT_TamboDraft_FINAL2018615 Sub_Type "Fuel Break Maintenance &lt;6m" VB #</Process><Process ToolSource="c:\program files (x86)\arcgis\desktop10.5\ArcToolbox\Toolboxes\Data Management Tools.tbx\CalculateField" Date="20181214" Time="132119">CalculateField FOP1819_NBFT_TamboDraft_FINAL2018615 NBFT_Type "Slashing" VB #</Process><Process ToolSource="c:\program files (x86)\arcgis\desktop10.5\ArcToolbox\Toolboxes\Data Management Tools.tbx\CalculateField" Date="20181214" Time="132125">CalculateField FOP1819_NBFT_TamboDraft_FINAL2018615 Local_Name [COMMENTS] VB #</Process><Process ToolSource="c:\program files (x86)\arcgis\desktop10.5\ArcToolbox\Toolboxes\Data Management Tools.tbx\CalculateField" Date="20181214" Time="133709">CalculateField FOP1819_NBFT_TamboDraft_FINAL2018615 Local_Name [COMMENTS] VB #</Process><Process ToolSource="c:\program files (x86)\arcgis\desktop10.5\ArcToolbox\Toolboxes\Data Management Tools.tbx\CalculateField" Date="20181214" Time="133717">CalculateField FOP1819_NBFT_TamboDraft_FINAL2018615 NBFT_Type "Slashing" VB #</Process><Process ToolSource="c:\program files (x86)\arcgis\desktop10.5\ArcToolbox\Toolboxes\Data Management Tools.tbx\CalculateField" Date="20181214" Time="133731">CalculateField FOP1819_NBFT_TamboDraft_FINAL2018615 Sub_Type "fuel Break Maintenance &lt;6m" VB #</Process><Process ToolSource="c:\program files (x86)\arcgis\desktop10.5\ArcToolbox\Toolboxes\Data Management Tools.tbx\CalculateField" Date="20181214" Time="133741">CalculateField FOP1819_NBFT_TamboDraft_FINAL2018615 Sub_Type "Fuel Break Maintenance &lt;6m" VB #</Process><Process ToolSource="c:\program files (x86)\arcgis\desktop10.5\ArcToolbox\Toolboxes\Data Management Tools.tbx\CalculateField" Date="20181214" Time="150007">CalculateField FOP1819_NBFT_TamboDraft_FINAL2018615 NBFT_Type "Slashing" VB #</Process><Process ToolSource="c:\program files (x86)\arcgis\desktop10.5\ArcToolbox\Toolboxes\Data Management Tools.tbx\CalculateField" Date="20181214" Time="150022">CalculateField FOP1819_NBFT_TamboDraft_FINAL2018615 Sub_Type "Fuel Break Maintenance &lt;6m" VB #</Process><Process ToolSource="c:\program files (x86)\arcgis\desktop10.5\ArcToolbox\Toolboxes\Data Management Tools.tbx\CalculateField" Date="20181214" Time="150132">CalculateField FOP1819_NBFT_TamboDraft_FINAL2018615 NEW_EXIST "Existing" VB #</Process><Process ToolSource="c:\program files (x86)\arcgis\desktop10.5\ArcToolbox\Toolboxes\Data Management Tools.tbx\CalculateField" Date="20181214" Time="150200">CalculateField FOP1819_NBFT_TamboDraft_FINAL2018615 Local_Name "HP - [Local_Name]" VB #</Process><Process ToolSource="c:\program files (x86)\arcgis\desktop10.5\ArcToolbox\Toolboxes\Data Management Tools.tbx\CalculateField" Date="20181214" Time="150518">CalculateField FOP1819_NBFT_TamboDraft_FINAL2018615 NEW_EXIST "Existing" VB #</Process><Process ToolSource="c:\program files (x86)\arcgis\desktop10.5\ArcToolbox\Toolboxes\Data Management Tools.tbx\CalculateField" Date="20181214" Time="150729">CalculateField FOP1819_NBFT_TamboDraft_FINAL2018615 FOOTPRINT "within footprint" VB #</Process><Process ToolSource="c:\program files (x86)\arcgis\desktop10.5\ArcToolbox\Toolboxes\Data Management Tools.tbx\CalculateField" Date="20181214" Time="150850">CalculateField FOP1819_NBFT_TamboDraft_FINAL2018615 LABEL "Tower - MAINTENANCE" VB #</Process><Process ToolSource="c:\program files (x86)\arcgis\desktop10.5\ArcToolbox\Toolboxes\Data Management Tools.tbx\CalculateField" Date="20181214" Time="151818">CalculateField FOP1819_NBFT_TamboDraft_FINAL2018615 Sub_Type "Fuel Break Maintenance &lt;6m" VB #</Process><Process ToolSource="c:\program files (x86)\arcgis\desktop10.5\ArcToolbox\Toolboxes\Data Management Tools.tbx\CalculateField" Date="20181214" Time="152123">CalculateField FOP1819_NBFT_TamboDraft_FINAL2018615 AGENCY "PV" VB #</Process><Process ToolSource="c:\program files (x86)\arcgis\desktop10.5\ArcToolbox\Toolboxes\Data Management Tools.tbx\CalculateField" Date="20181214" Time="152237">CalculateField FOP1819_NBFT_TamboDraft_FINAL2018615 NAME "GP-TAM-BAI-0075" VB #</Process><Process ToolSource="c:\program files (x86)\arcgis\desktop10.5\ArcToolbox\Toolboxes\Data Management Tools.tbx\CalculateField" Date="20181214" Time="152322">CalculateField FOP1819_NBFT_TamboDraft_FINAL2018615 TREATMENT_ "GP-TAM-BAI-0075" VB #</Process><Process ToolSource="c:\program files (x86)\arcgis\desktop10.5\ArcToolbox\Toolboxes\Data Management Tools.tbx\CalculateField" Date="20181214" Time="153836">CalculateField FOP1819_NBFT_TamboDraft_FINAL2018615 LABEL "Slashing - MAINTENANCE" VB #</Process><Process ToolSource="c:\program files (x86)\arcgis\desktop10.5\ArcToolbox\Toolboxes\Data Management Tools.tbx\CalculateField" Date="20181214" Time="153856">CalculateField FOP1819_NBFT_TamboDraft_FINAL2018615 LABEL "Slashing - MAINTENANCE" VB #</Process><Process ToolSource="c:\program files (x86)\arcgis\desktop10.5\ArcToolbox\Toolboxes\Data Management Tools.tbx\CalculateField" Date="20181214" Time="153926">CalculateField FOP1819_NBFT_TamboDraft_FINAL2018615 LABEL "Helipad - MAINTENANCE" VB #</Process><Process ToolSource="c:\program files (x86)\arcgis\desktop10.5\ArcToolbox\Toolboxes\Data Management Tools.tbx\CalculateField" Date="20181214" Time="153944">CalculateField FOP1819_NBFT_TamboDraft_FINAL2018615 LABEL "Helipad - MAINTENANCE" VB #</Process><Process ToolSource="c:\program files (x86)\arcgis\desktop10.5\ArcToolbox\Toolboxes\Data Management Tools.tbx\CalculateField" Date="20181214" Time="155115">CalculateField FOP1819_NBFT_TamboDraft_FINAL2018615 Sub_Type "Helipad Maintenance" VB #</Process><Process ToolSource="c:\program files (x86)\arcgis\desktop10.5\ArcToolbox\Toolboxes\Data Management Tools.tbx\CalculateField" Date="20181214" Time="155615">CalculateField FOP1819_NBFT_TamboDraft_FINAL2018615 BROAD_WORK "Fire Prevention - Fuel Break Maintenance" VB #</Process><Process ToolSource="c:\program files (x86)\arcgis\desktop10.5\ArcToolbox\Toolboxes\Data Management Tools.tbx\CalculateField" Date="20181214" Time="155635">CalculateField FOP1819_NBFT_TamboDraft_FINAL2018615 CATEGORY "Works - Vegetation Modification" VB #</Process><Process ToolSource="c:\program files (x86)\arcgis\desktop10.5\ArcToolbox\Toolboxes\Data Management Tools.tbx\CalculateField" Date="20181214" Time="155934">CalculateField FOP1819_NBFT_TamboDraft_FINAL2018615 CATEGORY "Works - Mineral Earth Disturbance" VB #</Process><Process ToolSource="c:\program files (x86)\arcgis\desktop10.5\ArcToolbox\Toolboxes\Data Management Tools.tbx\CalculateField" Date="20190503" Time="114924">CalculateField FOP1920_NBFT_Tambo_Draft NBFT_INFRA "Infrastructure" VB #</Process><Process ToolSource="c:\program files (x86)\arcgis\desktop10.5\ArcToolbox\Toolboxes\Data Management Tools.tbx\CalculateField" Date="20190503" Time="115050">CalculateField FOP1920_NBFT_Tambo_Draft CATEGORY "Fire Infrastructure" VB #</Process><Process ToolSource="c:\program files (x86)\arcgis\desktop10.5\ArcToolbox\Toolboxes\Data Management Tools.tbx\CalculateField" Date="20190503" Time="115110">CalculateField FOP1920_NBFT_Tambo_Draft CATEGORY "Fire Infrastructure" VB #</Process><Process ToolSource="c:\program files (x86)\arcgis\desktop10.5\ArcToolbox\Toolboxes\Data Management Tools.tbx\CalculateField" Date="20190503" Time="115237">CalculateField FOP1920_NBFT_Tambo_Draft CATEGORY "Fire Infrastructure" VB #</Process><Process ToolSource="c:\program files (x86)\arcgis\desktop10.5\ArcToolbox\Toolboxes\Data Management Tools.tbx\CalculateField" Date="20190503" Time="115333">CalculateField FOP1920_NBFT_Tambo_Draft CATEGORY "NBFT" VB #</Process><Process ToolSource="c:\program files (x86)\arcgis\desktop10.5\ArcToolbox\Toolboxes\Data Management Tools.tbx\CalculateField" Date="20190503" Time="115613">CalculateField FOP1920_NBFT_Tambo_Draft N_R_M "Maintenance" VB #</Process><Process ToolSource="c:\program files (x86)\arcgis\desktop10.5\ArcToolbox\Toolboxes\Data Management Tools.tbx\CalculateField" Date="20190503" Time="115629">CalculateField FOP1920_NBFT_Tambo_Draft N_R_M "New" VB #</Process><Process ToolSource="c:\program files (x86)\arcgis\desktop10.5\ArcToolbox\Toolboxes\Data Management Tools.tbx\CalculateField" Date="20190503" Time="115706">CalculateField FOP1920_NBFT_Tambo_Draft N_R_M "Maintenance" VB #</Process><Process ToolSource="c:\program files (x86)\arcgis\desktop10.5\ArcToolbox\Toolboxes\Data Management Tools.tbx\CalculateField" Date="20190503" Time="115750">CalculateField FOP1920_NBFT_Tambo_Draft N_R_M "Maintenance" VB #</Process><Process ToolSource="c:\program files (x86)\arcgis\desktop10.5\ArcToolbox\Toolboxes\Data Management Tools.tbx\CalculateField" Date="20190530" Time="095157">CalculateField FOP1920_NBFT_Tambo_Draft Type [NBFT_Type] VB #</Process><Process ToolSource="c:\program files (x86)\arcgis\desktop10.5\ArcToolbox\Toolboxes\Data Management Tools.tbx\CalculateField" Date="20190530" Time="095414">CalculateField FOP1920_NBFT_Tambo_Draft N_R_M "Maintenance" VB #</Process><Process ToolSource="c:\program files (x86)\arcgis\desktop10.5\ArcToolbox\Toolboxes\Data Management Tools.tbx\CalculateField" Date="20190606" Time="160916">CalculateField 201920_Draft_V3_NBFT Sub_Type "Fuel Break Maintenance" VB #</Process><Process ToolSource="c:\program files (x86)\arcgis\desktop10.5\ArcToolbox\Toolboxes\Data Management Tools.tbx\CalculateField" Date="20190607" Time="090613">CalculateField 201920_Draft_V3_NBFT EVENTID "" VB #</Process><Process ToolSource="c:\program files (x86)\arcgis\desktop10.5\ArcToolbox\Toolboxes\Data Management Tools.tbx\CalculateField" Date="20190607" Time="091625">CalculateField 201920_Draft_V3_NBFT TREATMENT_ "GP-TAM-BAI-????" VB #</Process><Process ToolSource="c:\program files (x86)\arcgis\desktop10.5\ArcToolbox\Toolboxes\Data Management Tools.tbx\CalculateField" Date="20190607" Time="091640">CalculateField 201920_Draft_V3_NBFT NAME "GP-TAM-BAI-????" VB #</Process><Process ToolSource="c:\program files (x86)\arcgis\desktop10.5\ArcToolbox\Toolboxes\Data Management Tools.tbx\CalculateField" Date="20190607" Time="091708">CalculateField 201920_Draft_V3_NBFT TREATMENT_ "GP-TAM-NOW-????" VB #</Process><Process ToolSource="c:\program files (x86)\arcgis\desktop10.5\ArcToolbox\Toolboxes\Data Management Tools.tbx\CalculateField" Date="20190607" Time="091725">CalculateField 201920_Draft_V3_NBFT NAME "GP-TAM-NOW-????" VB #</Process><Process ToolSource="c:\program files (x86)\arcgis\desktop10.5\ArcToolbox\Toolboxes\Data Management Tools.tbx\CalculateField" Date="20190607" Time="091750">CalculateField 201920_Draft_V3_NBFT NAME "GP-TAM-SCK-????" VB #</Process><Process ToolSource="c:\program files (x86)\arcgis\desktop10.5\ArcToolbox\Toolboxes\Data Management Tools.tbx\CalculateField" Date="20190607" Time="091804">CalculateField 201920_Draft_V3_NBFT TREATMENT_ "GP-TAM-SCK-????" VB #</Process><Process ToolSource="c:\program files (x86)\arcgis\desktop10.5\ArcToolbox\Toolboxes\Data Management Tools.tbx\CalculateField" Date="20190607" Time="095954">CalculateField 201920_Draft_V3_NBFT Type "Helipad" VB #</Process><Process ToolSource="c:\program files (x86)\arcgis\desktop10.5\ArcToolbox\Toolboxes\Data Management Tools.tbx\CalculateField" Date="20190607" Time="100053">CalculateField 201920_Draft_V3_NBFT Type "Fire Tower" VB #</Process><Process ToolSource="c:\program files (x86)\arcgis\desktop10.5\ArcToolbox\Toolboxes\Data Management Tools.tbx\CalculateField" Date="20190607" Time="100117">CalculateField 201920_Draft_V3_NBFT Type "Water Point" VB #</Process><Process ToolSource="c:\program files (x86)\arcgis\desktop10.5\ArcToolbox\Toolboxes\Data Management Tools.tbx\CalculateField" Date="20190607" Time="100727">CalculateField 201920_Draft_V3_NBFT EVENTID "" VB #</Process><Process ToolSource="c:\program files (x86)\arcgis\desktop10.5\ArcToolbox\Toolboxes\Data Management Tools.tbx\CalculateField" Date="20190607" Time="100751">CalculateField 201920_Draft_V3_NBFT EVENTID 0 VB #</Process><Process ToolSource="c:\program files (x86)\arcgis\desktop10.5\ArcToolbox\Toolboxes\Data Management Tools.tbx\CalculateField" Date="20190607" Time="100808">CalculateField 201920_Draft_V3_NBFT EVENTID 0 VB #</Process><Process ToolSource="c:\program files (x86)\arcgis\desktop10.5\ArcToolbox\Toolboxes\Data Management Tools.tbx\CalculateField" Date="20190813" Time="081533">CalculateField 201920_Draft_V3_NBFT CATEGORY "NBFT" VB #</Process><Process ToolSource="c:\program files (x86)\arcgis\desktop10.5\ArcToolbox\Toolboxes\Data Management Tools.tbx\CalculateField" Date="20190813" Time="082520">CalculateField 201920_Draft_V3_NBFT NBFTName [Local_Name] VB #</Process><Process ToolSource="c:\program files (x86)\arcgis\desktop10.5\ArcToolbox\Toolboxes\Data Management Tools.tbx\CalculateField" Date="20190813" Time="082803">CalculateField 201920_Draft_V3_NBFT Group [CATEGORY] VB #</Process><Process ToolSource="c:\program files (x86)\arcgis\desktop10.5\ArcToolbox\Toolboxes\Data Management Tools.tbx\CalculateField" Date="20190813" Time="082923">CalculateField 201920_Draft_V3_NBFT CATEGORY "Mineral Earth Disturbance" VB #</Process><Process ToolSource="c:\program files (x86)\arcgis\desktop10.5\ArcToolbox\Toolboxes\Data Management Tools.tbx\CalculateField" Date="20190813" Time="083008">CalculateField 201920_Draft_V3_NBFT CATEGORY "Mineral Earth Disturbance" VB #</Process><Process ToolSource="c:\program files (x86)\arcgis\desktop10.5\ArcToolbox\Toolboxes\Data Management Tools.tbx\CalculateField" Date="20190813" Time="083143">CalculateField 201920_Draft_V3_NBFT CATEGORY "Mineral Earth Disturbance" VB #</Process><Process ToolSource="c:\program files (x86)\arcgis\desktop10.5\ArcToolbox\Toolboxes\Data Management Tools.tbx\CalculateField" Date="20190813" Time="083216">CalculateField 201920_Draft_V3_NBFT CATEGORY "Vegetation Modification" VB #</Process><Process ToolSource="c:\program files (x86)\arcgis\desktop10.5\ArcToolbox\Toolboxes\Data Management Tools.tbx\CalculateField" Date="20190813" Time="083259">CalculateField 201920_Draft_V3_NBFT CATEGORY "Mineral Earth Disturbance" VB #</Process><Process ToolSource="c:\program files (x86)\arcgis\desktop10.5\ArcToolbox\Toolboxes\Data Management Tools.tbx\CalculateField" Date="20190813" Time="083322">CalculateField 201920_Draft_V3_NBFT CATEGORY "Vegetation Modification" VB #</Process><Process ToolSource="c:\program files (x86)\arcgis\desktop10.5\ArcToolbox\Toolboxes\Data Management Tools.tbx\CalculateField" Date="20190813" Time="083357">CalculateField 201920_Draft_V3_NBFT CATEGORY "Vegetation Modification" VB #</Process><Process ToolSource="c:\program files (x86)\arcgis\desktop10.5\ArcToolbox\Toolboxes\Data Management Tools.tbx\CalculateField" Date="20190813" Time="083452">CalculateField 201920_Draft_V3_NBFT CATEGORY "Mineral Earth Disturbance" VB #</Process><Process ToolSource="c:\program files (x86)\arcgis\desktop10.5\ArcToolbox\Toolboxes\Data Management Tools.tbx\CalculateField" Date="20190813" Time="083807">CalculateField 201920_Draft_V3_NBFT TreatType [Type] VB #</Process><Process ToolSource="c:\program files (x86)\arcgis\desktop10.5\ArcToolbox\Toolboxes\Data Management Tools.tbx\CalculateField" Date="20190813" Time="083944">CalculateField 201920_Draft_V3_NBFT TreatType "Slashing / Mowing" VB #</Process><Process ToolSource="c:\program files (x86)\arcgis\desktop10.5\ArcToolbox\Toolboxes\Data Management Tools.tbx\CalculateField" Date="20190813" Time="084527">CalculateField 201920_Draft_V3_NBFT DistbType [N_R_M] VB #</Process><Process ToolSource="c:\program files (x86)\arcgis\desktop10.5\ArcToolbox\Toolboxes\Data Management Tools.tbx\CalculateField" Date="20190813" Time="085156">CalculateField 201920_Draft_V3_NBFT AGENCY "DELWP" VB #</Process><Process ToolSource="c:\program files (x86)\arcgis\desktop10.5\ArcToolbox\Toolboxes\Data Management Tools.tbx\CalculateField" Date="20190813" Time="085620">CalculateField 201920_Draft_V3_NBFT Nomination "Parks Victoria" VB #</Process><Process ToolSource="c:\program files (x86)\arcgis\desktop10.5\ArcToolbox\Toolboxes\Data Management Tools.tbx\CalculateField" Date="20190813" Time="090120">CalculateField 201920_Draft_V3_NBFT Nomination "Community" VB #</Process><Process ToolSource="c:\program files (x86)\arcgis\desktop10.5\ArcToolbox\Toolboxes\Data Management Tools.tbx\CalculateField" Date="20190813" Time="090220">CalculateField 201920_Draft_V3_NBFT Nomination "DELWP" VB #</Process><Process ToolSource="c:\program files (x86)\arcgis\desktop10.5\ArcToolbox\Toolboxes\Data Management Tools.tbx\CalculateField" Date="20210702" Time="103302">CalculateField "201920 JFMP\201920_FireInfrastructure_v1" TREATMENT_ "" VB #</Process><Process ToolSource="c:\program files (x86)\arcgis\desktop10.8\ArcToolbox\Toolboxes\Data Management Tools.tbx\Merge" Date="20230718" Time="131921">Merge Helidams_working_layer;Water100_Tambo10_Clip "C:\Data\1. TAMBO\Tambo\Turnaround times\Turnaround.gdb\Helidams_Water100_Working" "LABEL "LABEL" true true false 100 Text 0 0 ,First,#,Helidams_working_layer,LABEL,-1,-1;NEW_WORKS "NEW_WORKS" true true false 50 Text 0 0 ,First,#,Helidams_working_layer,NEW_WORKS,-1,-1;STANDARD_W "STANDARD_W" true true false 150 Text 0 0 ,First,#,Helidams_working_layer,STANDARD_W,-1,-1;Shape_Area "Shape_Area" true true false 19 Double 0 0 ,First,#,Helidams_working_layer,Shape_Area,-1,-1,Water100_Tambo10_Clip,SHAPE_Area,-1,-1;Workcentre "Workcentre" true true false 15 Text 0 0 ,First,#,Helidams_working_layer,Workcentre,-1,-1;Local_Name "Local_Name" true true false 50 Text 0 0 ,First,#,Helidams_working_layer,Local_Name,-1,-1;NEW_EXIST "NEW_EXIST" true true false 50 Text 0 0 ,First,#,Helidams_working_layer,NEW_EXIST,-1,-1;CHDB_check "CHDB_check" true true false 8 Date 0 0 ,First,#,Helidams_working_layer,CHDB_check,-1,-1;Type "Type" true true false 50 Text 0 0 ,First,#,Helidams_working_layer,Type,-1,-1;NBFTName "NBFTName" true true false 50 Text 0 0 ,First,#,Helidams_working_layer,NBFTName,-1,-1;DistbType "DistbType" true true false 20 Text 0 0 ,First,#,Helidams_working_layer,DistbType,-1,-1;Lat "Lat" true true false 13 Float 0 0 ,First,#,Helidams_working_layer,Lat,-1,-1;Long "Long" true true false 13 Float 0 0 ,First,#,Helidams_working_layer,Long,-1,-1;Location "Location" true true false 254 Text 0 0 ,First,#,Helidams_working_layer,Location,-1,-1;Type_3 "Type_3" true true false 50 Text 0 0 ,First,#,Helidams_working_layer,Type_3,-1,-1;Type_2 "Type_2" true true false 50 Text 0 0 ,First,#,Helidams_working_layer,Type_2,-1,-1;GIS_Area "GIS_Area" true true false 50 Text 0 0 ,First,#,Helidams_working_layer,GIS_Area,-1,-1;Desktop_Ck "Desktop_Ck" true true false 50 Text 0 0 ,First,#,Helidams_working_layer,Desktop_Ck,-1,-1;Field_Ck "Field_Ck" true true false 50 Text 0 0 ,First,#,Helidams_working_layer,Field_Ck,-1,-1;Est_Volume "Est_Volume" true true false 50 Text 0 0 ,First,#,Helidams_working_layer,Est_Volume,-1,-1;NewWorkReq "NewWorkReq" true true false 100 Text 0 0 ,First,#,Helidams_working_layer,NewWorkReq,-1,-1;NAME "NAME" true true false 50 Text 0 0 ,First,#,Water100_Tambo10_Clip,NAME,-1,-1;FEATURE "FEATURE" true true false 12 Text 0 0 ,First,#,Water100_Tambo10_Clip,FEATURE,-1,-1;WETCAT "WETCAT" true true false 40 Text 0 0 ,First,#,Water100_Tambo10_Clip,WETCAT,-1,-1;SHAPE_Length "SHAPE_Length" false true true 8 Double 0 0 ,First,#,Water100_Tambo10_Clip,SHAPE_Length,-1,-1;Desk_Check "Desk_Check" true true false 50 Text 0 0 ,First,#,Water100_Tambo10_Clip,Desk_Check,-1,-1"</Process></lineage><copyHistory><copy source="L:\Department Business Share\_Regions\GIPPSLAND_\5 TAMBO District\Forest Fuel Management\Fire Operations Plans\2019-20 FOP\201920 Spatial data\NBFT maps\201920_Draft_V3_NBFT" dest="\\internal.vic.gov.au\DEPI\Groupdata\CBD\statewide\Department Business Share\_Regions\GIPPSLAND_\5 TAMBO District\Forest Fuel Management\Fire Operations Plans\2019-20 FOP\201920 Spatial data\201920_Draft_V3_NBFT" date="20190604" time="18012100"></copy></copyHistory></DataProperties><SyncDate>20230718</SyncDate><SyncTime>13192100</SyncTime><ModDate>20230718</ModDate><ModTime>13192100</ModTime></Esri><dataIdInfo><envirDesc Sync="TRUE"> Version 6.2 (Build 9200) ; Esri ArcGIS 10.8.1.14362</envirDesc><dataLang><languageCode value="eng" Sync="TRUE"></languageCode><countryCode value="AUS" Sync="TRUE"></countryCode></dataLang><idCitation><resTitle Sync="TRUE">Helidams_Water100_Working</resTitle><presForm><PresFormCd value="005" Sync="TRUE"></PresFormCd></presForm></idCitation><spatRpType><SpatRepTypCd value="001" Sync="TRUE"></SpatRepTypCd></spatRpType><dataExt><geoEle><GeoBndBox esriExtentType="search"><exTypeCode Sync="TRUE">1</exTypeCode><westBL Sync="TRUE">148.338545</westBL><eastBL Sync="TRUE">148.344854</eastBL><northBL Sync="TRUE">-37.537720</northBL><southBL Sync="TRUE">-37.543302</southBL></GeoBndBox></geoEle></dataExt></dataIdInfo><mdLang><languageCode value="eng" Sync="TRUE"></languageCode><countryCode value="AUS" Sync="TRUE"></countryCode></mdLang><distInfo><distFormat><formatName Sync="TRUE">File Geodatabase Feature Class</formatName></distFormat><distTranOps><transSize Sync="TRUE">0.000</transSize></distTranOps></distInfo><mdHrLv><ScopeCd value="005" Sync="TRUE"></ScopeCd></mdHrLv><mdHrLvName Sync="TRUE">dataset</mdHrLvName><refSysInfo><RefSystem><refSysID><identCode code="3111" Sync="TRUE"></identCode><idCodeSpace Sync="TRUE">EPSG</idCodeSpace><idVersion Sync="TRUE">9.0(9.2.0)</idVersion></refSysID></RefSystem></refSysInfo><spatRepInfo><VectSpatRep><geometObjs Name="Helidams_Water100_Working"><geoObjTyp><GeoObjTypCd value="002" Sync="TRUE"></GeoObjTypCd></geoObjTyp><geoObjCnt Sync="TRUE">0</geoObjCnt></geometObjs><topLvl><TopoLevCd value="001" Sync="TRUE"></TopoLevCd></topLvl></VectSpatRep></spatRepInfo><spdoinfo><ptvctinf><esriterm Name="Helidams_Water100_Working"><efeatyp Sync="TRUE">Simple</efeatyp><efeageom code="4" Sync="TRUE"></efeageom><esritopo Sync="TRUE">FALSE</esritopo><efeacnt Sync="TRUE">0</efeacnt><spindex Sync="TRUE">TRUE</spindex><linrefer Sync="TRUE">FALSE</linrefer></esriterm></ptvctinf></spdoinfo><eainfo><detailed Name="Helidams_Water100_Working"><enttyp><enttypl Sync="TRUE">Helidams_Water100_Working</enttypl><enttypt Sync="TRUE">Feature Class</enttypt><enttypc Sync="TRUE">0</enttypc></enttyp><attr><attrlabl Sync="TRUE">OBJECTID</attrlabl><attalias Sync="TRUE">OBJECTID</attalias><attrtype Sync="TRUE">OID</attrtype><attwidth Sync="TRUE">4</attwidth><atprecis Sync="TRUE">0</atprecis><attscale Sync="TRUE">0</attscale><attrdef Sync="TRUE">Internal feature number.</attrdef><attrdefs Sync="TRUE">Esri</attrdefs><attrdomv><udom Sync="TRUE">Sequential unique whole numbers that are automatically generated.</udom></attrdomv></attr><attr><attrlabl Sync="TRUE">Shape</attrlabl><attalias Sync="TRUE">Shape</attalias><attrtype Sync="TRUE">Geometry</attrtype><attwidth Sync="TRUE">0</attwidth><atprecis Sync="TRUE">0</atprecis><attscale Sync="TRUE">0</attscale><attrdef Sync="TRUE">Feature geometry.</attrdef><attrdefs Sync="TRUE">Esri</attrdefs><attrdomv><udom Sync="TRUE">Coordinates defining the features.</udom></attrdomv></attr><attr><attrlabl Sync="TRUE">NAME</attrlabl><attalias Sync="TRUE">NAME</attalias><attrtype Sync="TRUE">String</attrtype><attwidth Sync="TRUE">50</attwidth><atprecis Sync="TRUE">0</atprecis><attscale Sync="TRUE">0</attscale></attr><attr><attrlabl Sync="TRUE">LABEL</attrlabl><attalias Sync="TRUE">LABEL</attalias><attrtype Sync="TRUE">String</attrtype><attwidth Sync="TRUE">100</attwidth><atprecis Sync="TRUE">0</atprecis><attscale Sync="TRUE">0</attscale></attr><attr><attrlabl Sync="TRUE">Shape_Area</attrlabl><attalias Sync="TRUE">Shape_Area</attalias><attrtype Sync="TRUE">Double</attrtype><attwidth Sync="TRUE">8</attwidth><atprecis Sync="TRUE">0</atprecis><attscale Sync="TRUE">0</attscale><attrdef Sync="TRUE">Area of feature in internal units squared.</attrdef><attrdefs Sync="TRUE">Esri</attrdefs><attrdomv><udom Sync="TRUE">Positive real numbers that are automatically generated.</udom></attrdomv></attr><attr><attrlabl Sync="TRUE">Workcentre</attrlabl><attalias Sync="TRUE">Workcentre</attalias><attrtype Sync="TRUE">String</attrtype><attwidth Sync="TRUE">15</attwidth><atprecis Sync="TRUE">0</atprecis><attscale Sync="TRUE">0</attscale></attr><attr><attrlabl Sync="TRUE">Local_Name</attrlabl><attalias Sync="TRUE">Local_Name</attalias><attrtype Sync="TRUE">String</attrtype><attwidth Sync="TRUE">50</attwidth><atprecis Sync="TRUE">0</atprecis><attscale Sync="TRUE">0</attscale></attr><attr><attrlabl Sync="TRUE">NEW_EXIST</attrlabl><attalias Sync="TRUE">NEW_EXIST</attalias><attrtype Sync="TRUE">String</attrtype><attwidth Sync="TRUE">50</attwidth><atprecis Sync="TRUE">0</atprecis><attscale Sync="TRUE">0</attscale></attr><attr><attrlabl Sync="TRUE">CHDB_check</attrlabl><attalias Sync="TRUE">CHDB_check</attalias><attrtype Sync="TRUE">Date</attrtype><attwidth Sync="TRUE">8</attwidth><atprecis Sync="TRUE">0</atprecis><attscale Sync="TRUE">0</attscale></attr><attr><attrlabl Sync="TRUE">Type</attrlabl><attalias Sync="TRUE">Type</attalias><attrtype Sync="TRUE">String</attrtype><attwidth Sync="TRUE">50</attwidth><atprecis Sync="TRUE">0</atprecis><attscale Sync="TRUE">0</attscale></attr><attr><attrlabl Sync="TRUE">NBFTName</attrlabl><attalias Sync="TRUE">NBFTName</attalias><attrtype Sync="TRUE">String</attrtype><attwidth Sync="TRUE">50</attwidth><atprecis Sync="TRUE">0</atprecis><attscale Sync="TRUE">0</attscale></attr><attr><attrlabl Sync="TRUE">DistbType</attrlabl><attalias Sync="TRUE">DistbType</attalias><attrtype Sync="TRUE">String</attrtype><attwidth Sync="TRUE">20</attwidth><atprecis Sync="TRUE">0</atprecis><attscale Sync="TRUE">0</attscale></attr><attr><attrlabl Sync="TRUE">Lat</attrlabl><attalias Sync="TRUE">Lat</attalias><attrtype Sync="TRUE">Single</attrtype><attwidth Sync="TRUE">4</attwidth><atprecis Sync="TRUE">0</atprecis><attscale Sync="TRUE">0</attscale></attr><attr><attrlabl Sync="TRUE">Long</attrlabl><attalias Sync="TRUE">Long</attalias><attrtype Sync="TRUE">Single</attrtype><attwidth Sync="TRUE">4</attwidth><atprecis Sync="TRUE">0</atprecis><attscale Sync="TRUE">0</attscale></attr><attr><attrlabl Sync="TRUE">Location</attrlabl><attalias Sync="TRUE">Location</attalias><attrtype Sync="TRUE">String</attrtype><attwidth Sync="TRUE">254</attwidth><atprecis Sync="TRUE">0</atprecis><attscale Sync="TRUE">0</attscale></attr><attr><attrlabl Sync="TRUE">Type_3</attrlabl><attalias Sync="TRUE">Type_3</attalias><attrtype Sync="TRUE">String</attrtype><attwidth Sync="TRUE">50</attwidth><atprecis Sync="TRUE">0</atprecis><attscale Sync="TRUE">0</attscale></attr><attr><attrlabl Sync="TRUE">Type_2</attrlabl><attalias Sync="TRUE">Type_2</attalias><attrtype Sync="TRUE">String</attrtype><attwidth Sync="TRUE">50</attwidth><atprecis Sync="TRUE">0</atprecis><attscale Sync="TRUE">0</attscale></attr><attr><attrlabl Sync="TRUE">GIS_Area</attrlabl><attalias Sync="TRUE">GIS_Area</attalias><attrtype Sync="TRUE">String</attrtype><attwidth Sync="TRUE">50</attwidth><atprecis Sync="TRUE">0</atprecis><attscale Sync="TRUE">0</attscale></attr><attr><attrlabl Sync="TRUE">Desktop_Ck</attrlabl><attalias Sync="TRUE">Desktop_Ck</attalias><attrtype Sync="TRUE">String</attrtype><attwidth Sync="TRUE">50</attwidth><atprecis Sync="TRUE">0</atprecis><attscale Sync="TRUE">0</attscale></attr><attr><attrlabl Sync="TRUE">Field_Ck</attrlabl><attalias Sync="TRUE">Field_Ck</attalias><attrtype Sync="TRUE">String</attrtype><attwidth Sync="TRUE">50</attwidth><atprecis Sync="TRUE">0</atprecis><attscale Sync="TRUE">0</attscale></attr><attr><attrlabl Sync="TRUE">Est_Volume</attrlabl><attalias Sync="TRUE">Est_Volume</attalias><attrtype Sync="TRUE">String</attrtype><attwidth Sync="TRUE">50</attwidth><atprecis Sync="TRUE">0</atprecis><attscale Sync="TRUE">0</attscale></attr><attr><attrlabl Sync="TRUE">NewWorkReq</attrlabl><attalias Sync="TRUE">NewWorkReq</attalias><attrtype Sync="TRUE">String</attrtype><attwidth Sync="TRUE">100</attwidth><atprecis Sync="TRUE">0</atprecis><attscale Sync="TRUE">0</attscale></attr><attr><attrlabl Sync="TRUE">NEW_WORKS</attrlabl><attalias Sync="TRUE">NEW_WORKS</attalias><attrtype Sync="TRUE">String</attrtype><attwidth Sync="TRUE">50</attwidth><atprecis Sync="TRUE">0</atprecis><attscale Sync="TRUE">0</attscale></attr><attr><attrlabl Sync="TRUE">FEATURE</attrlabl><attalias Sync="TRUE">FEATURE</attalias><attrtype Sync="TRUE">String</attrtype><attwidth Sync="TRUE">12</attwidth><atprecis Sync="TRUE">0</atprecis><attscale Sync="TRUE">0</attscale></attr><attr><attrlabl Sync="TRUE">WETCAT</attrlabl><attalias Sync="TRUE">WETCAT</attalias><attrtype Sync="TRUE">String</attrtype><attwidth Sync="TRUE">40</attwidth><atprecis Sync="TRUE">0</atprecis><attscale Sync="TRUE">0</attscale></attr><attr><attrlabl Sync="TRUE">Desk_Check</attrlabl><attalias Sync="TRUE">Desk_Check</attalias><attrtype Sync="TRUE">String</attrtype><attwidth Sync="TRUE">50</attwidth><atprecis Sync="TRUE">0</atprecis><attscale Sync="TRUE">0</attscale></attr><attr><attrlabl Sync="TRUE">Shape_Length</attrlabl><attalias Sync="TRUE">Shape_Length</attalias><attrtype Sync="TRUE">Double</attrtype><attwidth Sync="TRUE">8</attwidth><atprecis Sync="TRUE">0</atprecis><attscale Sync="TRUE">0</attscale><attrdef Sync="TRUE">Length of feature in internal units.</attrdef><attrdefs Sync="TRUE">Esri</attrdefs><attrdomv><udom Sync="TRUE">Positive real numbers that are automatically generated.</udom></attrdomv></attr><attr><attrlabl Sync="TRUE">STANDARD_W</attrlabl><attalias Sync="TRUE">STANDARD_W</attalias><attrtype Sync="TRUE">String</attrtype><attwidth Sync="TRUE">150</attwidth><atprecis Sync="TRUE">0</atprecis><attscale Sync="TRUE">0</attscale></attr></detailed></eainfo><mdDateSt Sync="TRUE">20230718</mdDateSt></metadata>
